“山海放飞”式的游乐产品组合方法及其相关结构系统,“山海放飞”——以无动力或有动力的有翼或无翼的水陆两栖放飞工具,借助“山海间”——放飞平台与水面间的高差及相应的放飞通道系统,获得相应的加速度与相应的放飞速度,并利用具有适宜放飞角度的放飞甲板或放飞轨道或其它形式的放飞通道实现放飞,进而完成一定距离的空中滑越乃至空中飞行过程,之后落于水上,再经过一定距离的水上移动、观光、体验后,以抢滩登陆式或船坞靠泊式或其它适宜的方式实现靠岸或登船的过程、继而或自力“登山”或借助外在的相关工具系统实现再登高过程,从而回到“山海放飞”的起点,为下一次的山海放飞过程做好准备,如此可周而复始地反复循环进行,使诸多游客体验和享受上述“山海放飞”之过程；相应地,或采用放飞平台为完全固定形式的各种“山海放飞”模式,或采用“航母式游轮”或“旅游航母”或其它适宜形式的放飞平台为移动式的“山海放飞”模式,并形成相应的新的旅游产品与旅游体验,或进一步形成“山海放飞”方式的新的航母式运输补给船机系统。
1.一类并[1,2,f]吡喃光致变色化合物,其特征在于,具有如式I所示结构：                  其中,R～1,R～2各自独立的选自CH-3O,CH-3CH-2O,CH-3CH-2CH-2O,CH-3,CH-3CH-2,CH-3CH-2CH-2,(CH-3)-2N,(CH-3CH-2)-2N,H,F,Cl,Br,I,CF-3,NO-2,Ph,哌啶基,吗啉基。
1.一种(+)-2,6-二(4,5-蒎烯-2-吡啶基)吡啶手性单核锰配合物,所述(+)-2,6-二(4,5-蒎烯-2-吡啶基)吡啶手性单核锰配合物的分子式为Mn(L)
1.一种(–)-2-(4′-吡啶基)-4,5-蒎烯-吡啶六氟乙酰丙酮铜配合物的制备方法,其特征在于步骤如下：(1)中间体Cu(hfac)_2·2H_2O的制备：将六氟乙酰丙酮溶于水中,室温下搅拌5~10分钟,得到六氟乙酰丙酮的水溶液,然后缓慢搅拌下加入氨水,再滴加Cu(CH_3COO)_2·H_2O的水溶液,有沉淀生成,过滤后将沉淀水洗、真空干燥得绿色产物即为Cu(hfac)_2·2H_2O；(2) (–)-2-(4′-吡啶基)-4,5-蒎烯-吡啶六氟乙酰丙酮铜配合物Cu_3(hfac)_6(L)_2的制备：将溶有Cu(hfac)_2·2H_2O和手性单齿含氮配体L的正辛烷溶液加入到100 mL圆底烧瓶中,加热到130℃下回流3小时,然后自然冷却至室温,过滤,所得澄清溶液静置挥发,2~3天得蓝绿色菱形状透明晶体,过滤,真空干燥得到(–)-2-(4′-吡啶基)-4,5-蒎烯-吡啶六氟乙酰丙酮铜配合物；所述步骤(2)中手性单齿含氮有机配体L：(–)-2-(4′-吡啶基)-4,5-蒎烯-吡啶的制备方法如下：a. 4-(吡啶乙酰基)吡啶碘盐中间体的制备：在250 mL 的圆底烧瓶中,加入4.5克4-乙酰基吡啶,用20~25 mL吡啶溶解,将溶有15~18克碘的18~20 mL吡啶溶液加入圆底烧瓶中,混合物加热至100~110℃,反应4~4.5小时,然后冷却至室温并过滤,用吡啶冲洗二次,真空干燥后得灰色固体即为所需中间体；b. 手性单齿含氮有机配体L：(–)-2-(4′-吡啶基)-4,5-蒎烯-吡啶的合成：称取步骤a制备得到的3.8克4-(吡啶乙酰基)吡啶碘盐中间体以及2.0~2.8克醋酸铵置于三颈烧瓶中,再加入40~48 mL的甲酰胺(CH_3CONH_2),不断搅拌下加入2.5克的桃金娘烯醛(–)-myrtenal,加热到75-85℃,氮气下反应12-12.5小时,将上述产物过滤得到乳白色固体,并用水冲洗,用乙醇重结晶,然后将固体干燥,得手性单齿含氮有机配体L；所述(–)-2-(4′-吡啶基)-4,5-蒎烯-吡啶六氟乙酰丙酮铜配合物的分子式为Cu_3(hfac)_6(L)_2,其中hfac 为六氟乙酰丙酮,分子式为CF_3COCH_2COCF_3；L为[(–)-2-(4′-吡啶基)-4,5-蒎烯-吡啶],结构式为。
1.(-)-表没食子儿茶素没食子酸酯在制备抗冠状病毒科病毒药物方面的应用,其特征在于,所述(-)-表没食子儿茶素没食子酸酯具有以下结构式：
1.一种柔性且具有拉伸性能的光敏材料,其特征在于,所述光敏材料包括柔性基底,位于柔性基底上的缓冲层,以及位于缓冲层上的(001)取向的CdS薄膜；所述缓冲层由贵金属薄膜和熔点在200℃以下的低熔点金属薄膜构成,且缓冲层的贵金属薄膜一侧与柔性基底接触,缓冲层的低熔点金属薄膜一侧与CdS薄膜接触。
1.一种(001)晶面取向的锰基莫来石,其分子式为LnMn-2O-5,其中Ln为La、Ce、Pr、Nd、Gd和Y中的一种或多种的组合。
1.一种(1,1,1-三氯-2)氨基甲酸酯类衍生物,其特征在于,结构通式如式(I-III)所示：
1.(1-羟基环戊基)苯基乙酸中苯乙酸和2-亚环戊基-2-苯乙酸的检测方法,其特征在于,在高效液相色谱仪上进行梯度洗脱,采用磷酸氢二铵缓冲液为流动相A,甲醇为流动相B,乙腈为流动相C。
1.一种(1-(取代苯基)苊烯基)-二(3,5-二(三氟甲基))苯基膦配体化合物,其具有下式中任一个所示的结构：
1.(1H-咪唑并[4,5-b]吡啶-6-基)吡啶衍生物,其特征在于：其结构式为
1.一种(1R,2R)-1-[(4-甲磺酰基)苯基]-2-氨基-1,3-丙二醇的纯化方法,其特征在于包括下述步骤：(1)将(1R,2R)-1-[(4-甲磺酰基)苯基]-2-氨基-1,3-丙二醇粗品与溶剂、酮(II)混合,搅拌反应,然后降温结晶,得席夫碱(III)；                            式(II)、(III)中R_1、R_2分别为烷基、芳基、取代烷基或取代芳基；(2)席夫碱(III)中加入水,升温反应,蒸馏除去体系中的水和酮,然后加入有机溶剂,降温结晶,得高纯度(1R,2R)-1-[(4-甲磺酰基)苯基]-2-氨基-1,3-丙二醇；步骤(1)中,所述溶剂为甲醇、乙醇、异丙醇、正丙醇、正丁醇、乙酸乙酯中的一种；所述酮(II)为丙酮、丁酮、2-戊酮、3-戊酮中的一种,反应温度为10～80℃,结晶温度为-20～20℃；步骤(2)中,反应温度为30～105℃,加入的有机溶剂为甲醇、乙醇、异丙醇、正丙醇、正丁醇、乙酸乙酯、甲苯、二氯甲烷、氯仿、乙醚、甲基叔丁基醚中的一种,结晶温度为-15～25℃。
1.一种通过对映体拆分式(I)的(±)-2-氮杂双环[2.2.1]庚-5-烯-3-酮的外消旋物,制备式(II)的(1R,4S)-(-)-2-氮杂双环[2.2.1]庚-5-烯-3-酮,同时制备式(III)的(1S,4R)-(+)-4-氨基-2-环戊烯-1-羧酸的方法,
1.一种(1S,2R)-2-苯基环己醇的制备方法,具体步骤包括：在温度为-20℃～20℃的条件下,将环氧环己烷溶液、苯基溴化镁的四氢呋喃溶液、氯化亚铜或溴化亚铜进行混合反应1h～3h,然后采用饱和氯化铵或饱和硫酸铵水溶液进行淬灭处理；收集上层有机层并进行浓缩、蒸馏、重结晶处理,得到手性2-苯基环己醇的外消旋体；对所述手性2-苯基环己醇的外消旋体进行拆分处理,得到(1S,2R)-2-苯基环己醇；其中,所述环氧环己烷溶液是将环氧环己烷溶解于乙醚、四氢呋喃或2-甲基四氢呋喃中制得的。
1.式(I)化合物在制备抗肿瘤药物中的应用；其特征在于,式(I)化合物结构如下所示：
1.一种合成(1S,4R)-1-甲基-4-(1-甲基乙烯基)-2-环己烯-1-醇中间体,所述中间体为通式Ⅰ所示的化合物：                  其中,X选自Cl、Br、I,Y选自苄基、TMS、TBDMS、苯甲酰基、对硝基苯甲酰基、乙酰基、对甲苯磺酰基。
1.一种(1S,4R)-1-甲基-4-(1-甲基乙烯基)-2-环己烯-1-醇的制备方法,其特征在于,包括以下步骤：将柠檬烯、卤代试剂与水进行反应,得到式(1)中间体；将所述式(1)中间体与叔胺化合物进行反应,得到式(2)中间体；将所述式(2)中间体进行热解消除反应,得到(1S,4R)-1-甲基-4-(1-甲基乙烯基)-2-环己烯-1-醇；                  其中,X为卤素；R每次出现时,分别独立地选自碳原子数为1～20的直链烷基,或碳原子数为3～20的支链烷基,或碳原子数为3～20的环烷基,或碳原子数为5～20的芳香基或碳原子数为5～20的杂芳香基,或这些体系的组合。
1.(2-甲基磺酰氧基苯基)甲磺酸盐的合成方法,其特征在于,以邻苯二酚和甲烷磺酰氯为原料,以二氯甲烷为溶剂,加入N,N-二甲基吡啶和硅胶颗粒,加入DMAP,在0-5℃条件下,反应20-40min,然后升温至30-40℃,反应1-10h,降温至0-5℃条件下,反应20-40min,酸化处理20-30min,旋干、过柱,得到(2-甲基磺酰氧基苯基)甲磺酸盐。
1.一种(2-羟基苯基)(2,4,6-三甲氧基苯基)(苯基)甲烷的合成方法,其特征在于,包括以下步骤：将第一反应物、第二反应物、第三反应物、哌啶和催化剂混合,再加入溶剂,在40～120℃搅拌条件下反应20～80min,反应结束后冷却至室温20～25℃,再加入乙酸乙酯,洗涤,得到有机相,对所述有机相进行干燥,蒸除溶剂后,得到残余物,将所述残余物经柱层析分离,再次蒸除溶剂,干燥得到(2-羟基苯基)(2,4,6-三甲氧基苯基)(苯基)甲烷,其中,按物质的量计,所述第一反应物、第二反应物、第三反应物、哌啶和催化剂的比为1:(1～1.5)：(1～1.5)：(1～1.5)：(0.5～1),所述催化剂为I
1.(2-羧乙基)二甲基溴化锍在制备增强草鱼皮肤屏障功能的混合物中的应用。
1.(2-羧乙基)二甲基溴化锍在制备草鱼鳃抗炎症的混合物中的应用。
1.一种化合物,其为具有下列之一结构的化合物或具有下列之一结构的化合物的立体异构体、互变异构体或药学上可接受的盐：
1.一种(2-(1H-咪唑-4-基)苯基)甲醇的制备方法,其特征在于,合成路线如下：
1.一种(20S,24R)-ocotillol型人参皂苷甘氨酸衍生物,其特征在于,如下式所示：
1.式(II)所示化合物的改进制备方法,其中通过如下反应制备,                  其特征在于,上述反应在三段梯度升温的条件下进行,第一段：100～120℃反应1.5～2.5h,第二段：120～130℃反应1.5～2.5h,第三段：150～160℃反应1.5～2.5h。
1.一种(2E)-4-甲基氨基-2-丁烯酸盐酸盐的合成方法,其特征在于,包括以下步骤：将铜粉、(2E)-4-二甲基氨基-2-丁烯酸盐酸盐和水置于惰性气体中,滴加过氧叔丁醇,搅拌反应,反应完成后,反应液用有机溶剂萃取,蒸除水层,剩余物用醇类溶剂重结晶得到(2E)-4-甲基氨基-2-丁烯酸盐酸盐。
1.一种式(Ⅱ)所示(2S,3R)-2-酰氨甲基-3-羟基丁酸酯化合物的制备方法,其特征在于,所述制备方法包括:在氢气氛中使式(Ⅰ)所示化合物在钌催化剂和式(Ⅲ)所示结构的配体的存在下,发生不对称氢化反应得到式(Ⅱ)化合物,
1.式(I)所示的化合物或其光学异构体、非对映异构体、消旋体混合物,以及药学上可接受的盐,其中：                  R-1选自氢,C1-C6烷基,C1-C6烷氧基,卤素,硝基,氰基或氨基；R-2选自：                  n为1-5。
1.一种(2S,5R)-苯氧胺基哌啶-2-甲酰胺的检测方法,其特征在于,采用高效液相色谱法进行检测,检测步骤如下：(1)分别称取(2S,5R)-苯氧胺基哌啶-2-甲酰胺、(2S,5S)-苯氧胺基哌啶-2-甲酰胺、(2R,5R)-苯氧胺基哌啶-2-甲酰胺、(2R,5S)-苯氧胺基哌啶-2-甲酰胺共四种工作品,并置于同一容量瓶中,用甲醇溶解并定容制成系统适应性试验溶液；(2)精密称取供试品,用稀释液进行溶解,配制成供试品溶液；(3)将所述系统适应性试验溶液和供试品溶液分别注入高效液相色谱仪中,采用面积归一化法进行测定,其色谱条件如下：色谱柱：chiralcelAD-H；进样量：15～25μl；流速：0.8～1.2ml/min；柱温：10～40℃；检测波长：208～212nm；流动相：正己烷：无水乙醇：异丙醇：二乙胺,其体积比为(820～880)：150：50：0.5；稀释液：甲醇；检测器：紫外检测器；所述系统适应性试验溶液中(2S,5R)-苯氧胺基哌啶-2-甲酰胺的浓度为0.3～0.7mg/ml,(2S,5S)-苯氧胺基哌啶-2-甲酰胺的浓度为0.3～0.7mg/ml,(2R,5R)-苯氧胺基哌啶-2-甲酰胺的浓度为0.3～0.7mg/ml,(2R,5S)-苯氧胺基哌啶-2-甲酰胺的浓度为0.3～0.7mg/ml。
1.一种(2S,5R)-苯氧胺基哌啶-2-甲酸乙酯草酸盐的检测方法,其特征在于,采用高效液相色谱法进行检测,检测步骤如下：(1)分别称取(2S,5R)-苯氧胺基哌啶-2-甲酸乙酯草酸盐、(2S,5S)-苯氧胺基哌啶-2-甲酸乙酯草酸盐、(2R,5R)-苯氧胺基哌啶-2-甲酸乙酯草酸盐、(2R,5S)-苯氧胺基哌啶-2-甲酸乙酯草酸盐共四种工作品,并置于同一容量瓶中,用稀释液进行溶解定容,配制成系统适应性试验溶液；(2)精密称取供试品,用稀释液进行溶解,配制成供试品溶液；(3)将所述系统适应性试验溶液和供试品溶液分别注入高效液相色谱仪中,采用面积归一化法进行测定,其色谱条件如下：色谱柱：chiralcelAD-H；进样量：15～25μl；流速：0.8～1.2ml/min；柱温：10～40℃；检测波长：208～212nm；流动相：正己烷：无水乙醇,其体积比为(820～880)：150；稀释液：正己烷：无水乙醇：二乙胺,其体积比为(80～90)：(10～20)：1；检测器：紫外检测器；所述系统适应性试验溶液的浓度为0.8～1.2mg/ml；所述供试品溶液的浓度为0.8～1.2mg/ml。
1.一种(2S,5S)-2,5-己二醇的生产工艺,其特征在于,包括以下步骤：以2,5-己二酮为反应初始底物,以酮还原酶作为催化剂,加入辅酶以及异丙醇构成反应体系进行催化反应,得到所述(2S,5S)-2,5-己二醇。
1.(2Z,4E)-2,4-癸二烯酸在制备用于治疗流感病毒引起的炎症的药物方面的应用。
1.一种制备化合物VII的方法,该方法包括：
1.一种(3-甲氧基-1,2,4-噻二唑-5-氨基)甲酸苯酯的制备方法,合成路线如下：                  其特征在于,包括以下步骤：从O-甲基异脲盐酸盐(1)出发,经过氯代反应得到中间体(2)；接着中间体(2)在镱催化剂下与硫氰酸盐关环得到中间体(3),最后中间体(3)与苯酚盐在CDI存在下反应得到(3-甲氧基-1,2,4-噻二唑-5-氨基)甲酸苯酯。
1.(3-(1H-1,2,3-三氮唑)苯基)磷酸类衍生物,其特征在于,结构式如式X所示：                  式Ⅹ中,R-1选自单环杂芳基、稠环基、被0～5个R-3取代的苯基；R-3选自H、卤素、氰基、羟基、醛基、羧基、苯基、苄基、C-(1～4)烷基、甲氧基、硫甲基、氟甲基；R-2选自-ABC、被0～5个-L-1R-4取代的苯基；L-1选自无或亚甲基；R-4选自H、氨基、硼酸基、甲氧基；A选自无或亚甲基；B选自亚氨基；C选自饱和或不饱和碳环。
1.(3R,4R)-1-苄基-N,4-二甲基哌啶-3-胺二盐酸盐及其对映异构体的检测方法,其特征在于使用手性衍生化试剂异硫氰酸酯或异氰酸酯对1-苄基-N,4-二甲基哌啶-3-胺二盐酸盐进行柱前衍生化,采用高效液相色谱法进行检测。
1.一种(3S)-4-氯-3-[(三甲基甲硅烷基)氧基]丁腈合成方法,其特征在于,将甲苯、吸收剂和4-氯-3-羟基丁腈放入反应器中,滴加三甲基氯硅烷反应,经过淬灭、萃取水洗、浓缩脱溶后得到(3S)-4-氯-3-[(三甲基甲硅烷基)氧基]丁腈,其反应方程式为：
1.(4-氨基-5-亚氨基-4,5-二氢-1,3,4-恶二唑-2-基)二硝基甲烷,其特征在于,具体结构为
1.(4-甲氧基-3-羟基苯基)(3,5-二甲基-2-羟基苯基)甲酮,其结构如化学式(Ⅰ)所示：
1.一种(4R*,5R*)-5-苄基-4-羟基-2-环戊烯-1-酮类化合物的合成方法,其特征在于具体过程为：将1-苯基-4,5-己二烯-3-醇1和碘代芳香类化合物2溶于溶剂中,然后加入催化剂、添加剂和碱,在压力条件为1atm的CO气氛中,于60-100℃反应制得(4R*,5R*)-5-苄基-4-羟基-2-环戊烯-1-酮类化合物3,其中1-苯基-4,5-己二烯-3-醇1、碘代芳香类化合物2、催化剂、添加剂和碱的投料物质的量之比为1:1-2:0.05-0.2:0.2-0.6:3-5,合成过程中的反应方程式为：                  其中R为噻吩基、苯基或取代苯基,该取代苯基苯环上的取代基为氯、腈基、甲基或甲氧基,催化剂为氯化钯或醋酸钯,添加剂为特戊酸、L-脯氨酸、三苯基膦或三呋喃基膦,碱为三乙胺、碳酸钾或碳酸铯,溶剂为乙腈、N,N-二甲基甲酰胺、1,4-二氧六环或甲苯。
1.一种(4
1.(5-亚氨基-4,5-二氢-1,3,4-恶二唑-2-基)二硝基甲烷,其特征在于,具体结构为
1.(5-溴-2-甲基吡啶-4-基)甲醇的合成方法,其特征在于,技术路线如下式所示：
1.一种(5-(2-腈基苄基)-4,5,6,7-四氢噻吩并[3,2-c]吡啶-2-基)乙酸酯盐酸盐的晶型I,其化学结构式如下：                  其特征在于,使用Cu-Kα辐射,以2θ角度表示的X-射线粉末衍射在5.680、9.280、11.420、12.240、14.620、15.760、17.780、18.940、20.040、22.560、22.900、24.140、24.960、26.180、27.220、28.340、30.140、31.380和35.680处具有衍射峰。
1.(5R)-5-羟基雷公藤内酯醇在制备治疗和或预防皮肤炎症的药物中的用途。
1.(5R)-5-羟基雷公藤内酯醇在制备用于治疗脓毒症、降低脓毒症死亡率和/或治疗脓毒症相关病症的药物中的用途。
1.一种(5Z,7E)-十二碳-5,7-二烯-1-醇及其乙酸酯与丙酸酯的合成方法,其特征在于包括如下步骤：在正丁基锂与HMPA存在下,丙炔醇先与1-溴丁烷偶联,生成2-庚炔-1-醇,然后经LiAlH
1.一种稳定的药物组合物,其特征在于包含(6S)-5-甲基-四氢叶酸钙盐和药学上可接受的还原性物质,所述还原性物质选自维生素C 或其盐；所述组合物还包含雌激素和/或孕激素；所述 (6S)-5-甲基-四氢叶酸钙盐为0.4 至1mg；所述还原性物质为5 至50mg。
1.(7S)-11-甲氧基-3,7,11-三甲基-2,4-十二碳二烯酸乙酯,即为：(2E,4E,7S)-11-甲氧基-3,7,11-三甲基-2,4-十二碳二烯酸乙酯,或其药学上可接受的盐,其特征在于,所述(2E,4E,7S)-11-甲氧基-3,7,11-三甲基-2,4-十二碳二烯酸乙酯的结构式如式(I)所示：
1.一种(AO)
1.一种抗免疫排斥的双功能分子,其特征在于,通过将抗人CD40抗体与CTLA4蛋白融合表达,所述双功能分子能够同时阻断CD40-CD154与CD28-B7通路,所述双功能分子具有同时阻断T、B细胞的活化,诱导免疫耐受的功能；所述CD40抗体重链的CDR区由VHCDR1、VHCDR2和VHCDR3组成,所述VHCDR1的序列为SEQID NO：3,所述VHCDR2的序列为SEQ ID NO：4,所述VHCDR3的序列为SEQ ID NO：5；所述CD40抗体轻链的CDR区由VLCDR1、VLCDR2和VLCDR3组成,所述VLCDR1的序列为SEQ ID NO：6,所述VLCDR2的序列为SEQ ID NO：7,所述VLCDR3的序列为SEQ ID NO：8；所述CTLA4蛋白与抗人CD40抗体的重链C端直接连接或通过连接序列介导连接。
1.一种(DL)-扁桃酸的制备方法,其特征在于,包括以下步骤：S1、在100ml三颈烧瓶中加入10ml苯甲醛,20ml的氯仿和4.54g的β-环糊精,将反应容器内的温度升至55℃,在升温的同时进行搅拌,以使反应物充分混合,进而充分利用β-环糊精所拥有的疏水性空腔结构对苯甲醛进行包合,向反应容器中滴加浓度为50%的氢氧化钠溶液20ml,以使氯仿在氢氧化钠的作用下形成二氯卡宾,二氯卡宾和苯甲醛反应形成扁桃酸钠盐,将反应温度保持在60℃,反应时间为4h,反应生成物为固体状的扁桃酸钠盐,向反应容器中加入300ml水使固体状的扁桃酸钠盐完全溶解,得到混合溶液,向混合溶液中加入30ml乙酸乙酯并搅拌均匀,以利用氯仿微溶于乙酸乙酯且不溶于水的性质除去混合溶液中未反应的微量的氯仿,静置至混合溶液分层为氯仿和乙酸乙酯层、水层,将氯仿和乙酸乙酯层分离,用稀盐酸将水层酸化至pH值为1,稀盐酸扁桃酸钠盐反应生成(DL)-扁桃酸,制得初液；S2、向步骤S1中制得的初液中添加乙酸乙酯并搅拌均匀,以利用(DL)-扁桃酸易溶于乙酸乙酯且不易溶于水的性质提取初液中的(DL)-扁桃酸,然后静置至分层为乙酸乙酯混合液层和水层,将乙酸乙酯混合液层分离,然后向所述水层中添加乙酸乙酯,搅拌均匀后静置至分层为乙酸乙酯混合液层和水层,将乙酸乙酯混合液层分离,并重复该操作7次,以充分提取所述初液中的(DL)-扁桃酸,将前述备用的乙酸乙酯混合液全部混合在一起,将无水硫酸钠放入混合后的乙酸乙酯混合液中,以将乙酸乙酯混合液中的水份去除,得到干燥的乙酸乙酯混合液,将干燥的乙酸乙酯混合液在旋转蒸发器中旋转除去乙酸乙酯,制得固体状的(DL)-扁桃酸,该步骤中使用的乙酸乙酯总量为160ml；S3、向步骤S2中制得的固体状的(DL)-扁桃酸添加蒸馏水,至固体状的(DL)-扁桃酸完全溶解,重结晶以防止步骤S1、S2中仍有微量的残留物影响(DL)-扁桃酸的纯度,制得高纯度的(DL)-扁桃酸。
1.通式(Ⅰ)的化合物或其药学上可接受的盐,                  R-1选自取代或未取代的芳基、取代或未取代的杂芳基、取代或未取代的C-3-C-(10)环烷基、或者取代或未取代的3至11元杂环烷基；上述取代的芳基、取代的杂芳基、取代的C-3-C-(10)环烷基、取代的3至11元杂环烷基中取代基的数目为1至3个,并且上述取代基各自独立地选自C-1-C-6烷基、卤素、C-1-C-6烷氧基、腈基、C-1-C-6烷氧羰基、硝基、羧基或C-1-C-6卤代烷基；R-2选自H、C-1-C-6烷基、卤素、C-1-C-6烷氧基、氨基、硝基、腈基或C-1-C-6卤代烷基；R-3选自-C(＝O)NR-aR-b、-C(＝O)OR-c或-S(＝O)OR-d,其中：R-a、R-b各自独立地选自H、未被取代或被3至8元杂环烷基取代的C-1-C-6烷基,并且满足R-a和R-b不同时为H；或者,R-a、R-b和它们所连接的N原子一起构成5至8元杂环烷基,该杂环烷基任选地被R-eR-fN-C(＝O)-取代,其中R-e和R-f各自独立地是H或C-1-C-6烷基；R-c选自未取代或被3至8元杂环烷基取代的C-1-C-6烷基、C-4-C-(10)环烷基、或者3至8元杂环烷基；R-d为取代或未取代的芳基,该取代的芳基中取代基的数目为1至3个,并且上述取代基各自独立地是C-1-C-6烷基、卤素、C-1-C-6烷氧基、腈基、C-1-C-6烷氧羰基、硝基、羧基或卤代烷基。
1.(E)-2-亚甲基-1,4-丁二酮类化合物的合成方法,其特征在于具体过程为：将2,3-丁二烯-1-醇类化合物1和碘代芳香类化合物2溶于溶剂中,然后加入催化剂、添加剂和碱,在压力为1atm的CO气氛中,于60-100℃反应制得(E)-2-亚甲基-1,4-丁二酮类化合物3,合成过程中的反应方程式为：                  其中R～1为噻吩基、苯基或苄基,R～2为丙基或苯基,R～3为噻吩基、苯基或取代苯基,该取代苯基苯环上的取代基为氟、甲基或甲氧基,催化剂为氯化钯或醋酸钯,添加剂为特戊酸、L-脯氨酸、三苯基膦或三呋喃基膦,碱为三乙胺、碳酸钾或碳酸铯,溶剂为乙腈、N,N-二甲基甲酰胺、1,4-二氧六环或1,2-二氯乙烷,所述2,3-丁二烯-1-醇类化合物1、碘代芳香类化合物2、催化剂、添加剂和碱的投料物质的量之比为1:1-2:0.05-0.2:0.2-0.6:3-5。
1.式(I)所示的化合物或其药学上可接受的盐：
1.式(I)所示的化合物或其药学上可接受的盐在制备用于治疗与Nrf2激活剂相关的疾病的药物中的应用,                  其中,R～1为-COOR～3、-CONR～4R～5、-CON(OCH-3)CH-3、-CONHCOOR～6或-CN；R～3为氢或C-1-C-6烷基；R～4和R～5独立地选自氢或C-1-C-6烷基；R～6为C-1-C-6烷基；R～2为吡啶基、R～7取代的吡啶基、嘧啶基、R～8取代的嘧啶基、咪唑基、R～9取代的咪唑基、恶唑基、R～(10)取代的恶唑基、噻唑基或R～(11)取代的噻唑基；R～7为1-4个取代基,独立地选自C-1-C-6烷基；R～8为1-3个取代基,独立地选自C-1-C-6烷基；R～9为1-3个取代基,独立地选自C-1-C-6烷基；R～(10)为1-2个取代基,独立地选自C-1-C-6烷基；R～(11)为1-2个取代基,独立地选自C-1-C-6烷基；碳碳双键为E构型。
1.一种(E)-3-(3-氯-2-氟-6-(1H-四氮唑-1-基)苯基)丙烯酸A的制备方法,其特征在于,该方法的具体步骤为：a.3-氟-4-氯苯胺上保护基团得到3-氟-4-氯苯基氨甲酸叔丁酯,其结构式为：                  b.将步骤a所得3-氟-4-氯苯基氨甲酸叔丁酯、正丁基锂或叔丁基锂和二甲基甲酰胺(DMF)按1:1.0～6:1.0～6的摩尔比溶于醚类溶剂中,反应温度为-90℃～-30℃,监测反应至反应完全,用饱和氯化铵溶液淬灭,经后处理制备(4-氯-3-氟-2-甲酰基苯基)氨基甲酸叔丁酯,其结构式为：                  c.将步骤b所得(4-氯-3-氟-2-甲酰基苯基)氨基甲酸叔丁酯通过HWE反应制得乙基(E)-3-(6-((叔丁氧基羰基)氨基)-3-氯-2-氟苯基)丙烯酸酯,其结构式为：                  d.将步骤c所得乙基(E)-3-(6-((叔丁氧基羰基)氨基)-3-氯-2-氟苯基)丙烯酸酯在三氟乙酸作用下脱保护基制备(E)-3-(6-氨基-3-氯-2-氟苯基)丙烯酸乙酯,其结构式为：                  e.将步骤d所得(E)-3-(6-氨基-3-氯-2-氟苯基)丙烯酸乙酯经酰基化反应制备化合物(E)-3-(3-氯-2-氟-6-甲酰胺基苯基)丙烯酸乙酯,其结构式为：f.将步骤e所得(E)-3-(3-氯-2-氟-6-甲酰胺基苯基)丙烯酸乙酯溶于四氢呋喃溶液中,加入三乙胺,在冰水浴下,滴加三氯氧磷溶液,搅拌反应1.5～2.5小时,反应结束后,将体系缓缓倒入冷的碳酸钠水溶液中控制其pH为中性,经后处理得到化合物(E)-3-(3-氯-2-氟-6-异氰基苯基)丙烯酸乙酯,其结构式为：所述的(E)-3-(3-氯-2-氟-6-甲酰胺基苯基)丙烯酸乙酯:三氯氧磷:三乙胺＝1:1.0～8:1.0～10；g.将步骤f所得(E)-3-(3-氯-2-氟-6-异氰基苯基)丙烯酸乙酯与叠氮基三甲基硅烷按1:1.0～10.3的摩尔比混合,在-40℃～-25℃下,滴加水((E)-3-(3-氯-2-氟-6-异氰基苯基)丙烯酸乙酯:水＝1:1.0～10.3),室温下搅拌反应2～3小时,TLC监测反应结束后,低温缓慢加入乙醇溶液至固体不再析出,抽滤,经纯化得到化合物(E)-3-(3-氯-2-氟-6-(1H-四唑-1-基)苯基)丙烯酸乙酯,其结构式为：h.将步骤g所得(E)-3-(3-氯-2-氟-6-(1H-四唑-1-基)苯基)丙烯酸乙酯在碱的作用下脱酯基制得化合物(E)-3-(3-氯-2-氟-6-(1H-四唑-1-基)苯基)丙烯酸A,其结构式为：
1.一种(E)-4-甲基-2-(4-(三氟甲基)苯乙烯基)噁唑类化合物,其特征在于,所述化合物的结构通式I和II如下：                  其中：R-1基团取代为2位、3位、或4位单取代的氟原子、甲基、氯原子、甲氧基、溴原子或未取代的基团；R-2基团取代为2位、3位、或4位单取代的甲氧基、氯原子或未取代的基团。
1.(E)-4-羟基-3-甲基-2-丁烯基胺的合成方法,其特征在于,用(E)-1,4-二溴-2-甲基丁-2-烯合成化合物Ⅰ,化合物Ⅰ的化学式为
1.一种(
1.(E)-Coniferyl alcohol作为桔小实蝇雌虫引诱剂的应用。
1.一种(E)-N-(3-氰基-7-乙氧基-4-((4-苯氧基苯基)氨基)喹啉-6-基)-4-(二甲基氨基)丁-2-烯酰胺的马来酸盐。
1.(E)-N-(4-碘-1H-吲唑-3-基)-1-苯基甲胺类化合物,其特征在于其结构式如式(Ⅰ)所示：                  式(Ⅰ)中：R为取代苯基,所述取代苯基的苯环上的H被取代基单取代或多取代,单取代或多取代的取代基各自独立的选自卤素、甲基、羟基、硝基、甲氧基、取代烷基。
1.一种式I化合物的晶型I,
1.一种(E)-β-氟丙烯酰胺衍生物的合成方法,包括以下步骤：以三氟丙烯酰胺和硼酸衍生物为底物,醋酸钯或二氯化钯或二(三苯基膦)二氯化钯作催化剂,三苯基膦作配体,碳酸钾或磷酸钾或碳酸铯作碱,以超干甲苯或乙腈或甲苯为溶剂,氮气氛围下,于60-100～oC搅拌反应12小时,其化学反应式如下：                  所述-R为苯基、3-甲基苯基、4-甲基苯基、4-甲氧基苯基、4-氯苯基、2-萘基、苄基、正己基中的其中一种；所述-R-1为苯基、4-甲基、4-甲氧基、4-叔丁基、4-异丙基、4-氟、4-氯、4-三氟甲基、2-甲基、3-甲基、3-甲氧基、3、5-二甲基、3、5-二氟、1-萘基中的其中一种。
1.一种(E)-构型烯酯三唑化合物的合成方法,其特征在于：(1)以二氯甲烷为溶剂,将式Ⅰ所示的醇、式Ⅱ所示的5-卤代-2-糠醇类化合物、式Ⅲ所示的叠氮化物在SnCl-4和叔胺的作用下,-20 ℃～室温反应,得到式IV所示的(Z)-构型烯酯三唑化合物；                  (2)将式IV所示的(Z)-构型烯酯三唑化合物溶于氯仿,在紫外光照下使(Z)-构型烯酯三唑化合物发生光反应异构化,得到式V所示的(E)-构型烯酯三唑化合物；                  式中的R～1代表C-1～C-4烷基、C-5～C-8环烷基、苯基、苄基、卤代苄基、C-1～C-4烷基取代的苯基、卤代苯基、硝基取代苯基、烯丙基中任意一种,R～2代表H或C-1～C-4烷基,R～3代表H、C-1～C-4烷基、环己基、苄基、烯丙基中任意一种,R～4代表C-1～C-4烷基、C-5～C-8环烷基、C-2～C-4烯基、苯基、C-1～C-4烷基取代的苯基、卤代苯基、苄基、卤代苄基、C-1～C-4烷氧基取代的苄基中任意一种,X代表Br或Cl；所述的叔胺为吡啶、三乙胺或N,N-二异丙基乙胺。
1.一种 (E)-氯丙基烯酮/烯醛三唑化合物的合成方法,其特征在于：将式Ⅰ所示的呋喃环丁醇与式Ⅱ所示的叠氮化物加入有机溶剂中,在TiCl-4作用下-20℃～常温反应,反应完全后分离纯化,得到式III化合物；                  式中R代表H或C-1～C-5烷基,R～1代表H、C-1～C-5烷基、苯基、卤代苯基、C-1～C-4烷基取代的苯基、三氟甲基取代苯基、萘基中任意一种,R～2代表C-1～C-5烷基、C-4～C-6环烷基、C-2～C-4烯基、苯基、苄基、C-1～C-4烷基取代的苯基、卤代苯基、肉桂基、卤代苄基、C-1～C-4烷氧基取代的苄基中任意一种；其中R代表H时,式III化合物为 (E)-氯丙基烯醛三唑化合物；R代表C-1～C-5烷基时,式III化合物为(E)-氯丙基烯酮三唑化合物。
1. (
1.一种合成(E)-(2-(苯基磺酰基)乙烯基)苯及其衍生物的方法,其特征在于,将苄基磺酰基类化合物、醛类化合物在路易斯碱及N,N-二甲基甲酰胺的共同作用下一锅多组分经加热搅拌得到；所述碱选自CS
1.(E)1-氰基-1-取代-2-(9-烷基-咔唑-3-)基-乙烯用于制备抗大肠杆菌药剂或者用于制备抗绿脓杆菌药剂或者用于制备抗枯草芽孢杆菌药剂或者用于制备抗金黄色葡萄球菌药剂的应用,其特征在于,所述(E)1-氰基-1-取代-2-(9-烷基-咔唑-3-)基-乙烯的结构式为：                  其中,R为-CH-3,-C-2H-5；R’为-Ph。
1.(E)1-氰基-1-取代-2-(9-烷基-咔唑-3-)基-乙烯,其特征在于,结构式为：
1.一种(E)1-酰基-2-(2-(9-烷基)咔唑-3-)乙烯基-苯并咪唑,其特征在于,结构式为：
1.(E)1-(9-甲基-咔唑-3-)-丙烯酸用于制备(E)2-(2-(9-甲基)咔唑-3-)乙烯基-5-氨基-1,3,4-噻二唑的应用,其特征在于,(E)1-(9-甲基-咔唑-3-)-丙烯酸的结构式为：                  其中,R为-CH-3。
1.(E)1-(9-烷基-咔唑-3-)-丙烯酸,其特征在于,结构式为：
1.一种(E)2-(2-(9-烷基)咔唑-3-)乙烯基-5-氨基-1,3,4-噻二唑,其特征在于,结构式为：
1.一种(E)2-(2-(9-烷基)咔唑-3-)乙烯基-苯并咪唑的制备方法,其特征在于,包括如下步骤：以六水合硫酸镍为催化剂,在甲醇溶剂中催化(E)1-(9-烷基-咔唑-3-)-丙烯酸与邻苯二胺回流反应,(E)1-(9-烷基-咔唑-3-)-丙烯酸与邻苯二胺的摩尔比为(1～1.1):1,(E)1-(9-烷基-咔唑-3-)-丙烯酸与六水合硫酸镍摩尔比为100:(10-15),得到(E)2-(2-(9-烷基)咔唑-3-)乙烯基-苯并咪唑；所述的(E)1-(9-烷基-咔唑-3-)-丙烯酸的结构式为：                  R为-CH-2Ph。
1.一种(E)2-(2-(9-烷基)咔唑-3-)乙烯基-苯并咪唑的制备方法,其特征在于,包括如下步骤：以硫酸镍为催化剂催化(E)1-(9-烷基-咔唑-3-)-丙烯酸与邻苯二胺反应,得到(E)2-(2-(9-烷基)咔唑-3-)乙烯基-苯并咪唑。
1.(E, E)-1,1'-双(2-吡啶乙烯基)二茂铁作为有机相质子性酸电化学传感器的应用,其特征在于,所述(E, E)-1,1'-双(2-吡啶乙烯基)二茂铁的结构式如下所示：          。
1.一种(E,E,Z)-10,12,14-十六碳三烯乙酸酯的制备方法,其特征在于包括以下步骤：以1,9-壬二醇作为起始原料,经氢溴酸溴取代反应得到化合物2,该化合物2经过3,4-二氢吡喃保护羟基之后得到羟基上THP保护的化合物3,该化合物3在六甲磷酰三胺催化下与乙炔锂二乙胺络合物发生偶联反应而获得对应的端炔化合物4；上述化合物4在氢氯二茂锆的催化且在氩气保护下,与单质碘发生反应得到化合物5,该化合物5在双三苯基磷二氯化钯与碘化亚铜的共同催化下发生薗头偶联,与三甲基硅基乙炔反应,得到化合物6；将上述获得的化合物6放入二氯甲烷与甲醇的混合溶剂中,低温下加入碳酸钾,脱去硅醚保护基团得到化合物7,该化合物7在氢氯二茂锆的催化及氩气保护下,与单质碘发生反应得到化合物8；在氩气保护下,上述获得的化合物8在四三苯基膦钯的催化下,与新制顺式-1-溴-1-丙烯的格式试剂发生偶联得到化合物9,将该化合物9溶解在甲醇中,在对甲苯磺酸一水合物的作用下,脱去THP保护基,得到对应的三烯醇化合物10,该化合物10在吡啶和乙酸酐的共同作用下,形成对应的乙酸酯而得化合物11,该化合物11即为所需的(E,E,Z)-10,12,14-十六碳三烯乙酸酯。
1.(MoNbZrTi)高熵合金增强Ni基合金Ni
1.一种(NbMoTaW)_(100-x)M_x系难熔高熵合金,其特征在于,该合金的化学成分如下：(NbMoTaW)_(100-x)M_x,0＜X≤5%,M为B、C、O三种元素中的一种或两种；其中除元素M外,每种元素的原子比含量均不低于5%,不高于35%。
1.(PC+ABS)风筒专用环保水漆PU涂层结构,包括风筒(1),其特征在于：所述风筒(1)一侧固定连接有出风口(2),所述风筒(1)外部上表面固定连接有衔接架(3),所述衔接架(3)两端分别固定连接有支撑杆(4),每个所述支撑杆(4)下表面均固定连接有固定脚(5),所述风筒(1)外侧涂抹有PU漆(6),所述PU漆(6)外侧设置有第二黏贴层(9),所述第二黏贴层(9)外侧设置有环保涂层(10),所述环保涂层(10)外侧设置有第一黏贴层(8),所述第一黏贴层(8)外侧设置有纳米薄膜(7)。
1.一种(Pr
1.通式(I)所示的(R)-1-烷烃酰基-2-取代吡咯烷-2-甲酰胺：
1.(R)-1-(3-烷氧基-4-烷氧基苯基)-2-(烷基磺酰基)乙醇)的制备方法,其特征在于,包括以下步骤：
1.一种(R)-1-(4-甲基苯基)乙胺的合成方法,其特征在于,其包括如下步骤：在C_4～C_(10)一元醇溶剂中,碱金属氢氧化物的存在下,将化合物3进行脱酰基反应得到所述的(R)-1-(4-甲基苯基)乙胺,即可；                  其中,R为乙酰基、丙酰基或丁酰基；其进一步包括如下步骤：在惰性气体的保护下,在溶剂中,钯催化剂存在的条件下,将化合物2和甲基格式试剂进行偶联反应得到所述的化合物3,即可；                  所述的钯催化剂为双(三苯基膦)二氯化钯和/或双(二叔丁基苯基膦)二氯化钯。
1.一种用于合成(R)-2-苄氧基丙酸的中间体的合成方法,其特征在于,包括：在R-乳酸甲酯和苄基卤素的反应体系中添加叔戊醇钠。
1.一种(R)-2-(1-氨基乙基)-4-氟苯酚的合成方法,其特征在于：包括如下步骤,将氨基供体、辅酶、助溶剂、转氨酶干粉、缓冲液,搅拌均匀后加入底物5-氟-2-羟基苯乙酮,在-0.03Mpa～-0.06Mpa真空体系下,加热至25-35℃下,进行反应；反应完毕后,经过后处理纯化,得到目标产物；所述转氨酶干粉的转氨酶为德国生物催化公司Evoxx technologies商业化的R-构型选择性转氨酶选自如下型号：Cat.No. 1.2.126、Cat.No. 1.2.132；其包括如下步骤：S1、原料的溶液配置,将辅酶配置成辅酶水溶液,将氨基供体配置成氨基供体水溶液；S2、将S1中配置好的溶液加入到添加有缓冲液的反应瓶中搅拌混合,所述缓冲液的pH为7-9；S3、在S2的混合液中加入转氨酶干粉,搅拌均匀后加入溶解有底物的助溶剂,所述转氨酶干粉与底物的重量比为0.5%～1%,将该体系保持真空度为-0.03Mpa～-0.06Mpa下,加热至25～35℃,进行搅拌反应；S4、当S3中反应液相中原料<1.0%时,停止搅拌,反应完成；S5、对反应完成的溶液进行抽滤、纯化后处理得到目标产物。
1.一种(R)-2-(2-甲氧基苯基)-2-(四氢吡喃-4-氧基)乙-1-醇(化合物I)的化学-酶法制备方法,其特征在于,所述化学-酶法制备方法主要包括以下步骤：步骤a)：化合物V经卤代反应得到化合物IV；步骤b)：化合物IV经酮还原酶催化得到化合物III；步骤c)：化合物III在碱性条件下反应得到化合物II；步骤d)：化合物II与四氢吡喃-4-醇反应得到化合物I；具体路线如下所示：
1.一种(R)-3-氨基-4-(2,4,5-三氟苯基)丁酸叔丁酯的生物制备方法,其特征在于：其以3-羰基-4-(2,4,5-三氟苯基)丁酸叔丁酯为底物,在转氨酶、氨基供体、辅因子及助溶剂存在下,发生反应生成目标产物( R)-3-氨基-4-(2,4,5-三氟苯基)丁酸叔丁酯,所述的反应在pH为6.0~10.0的水相缓冲溶液中进行,所述的缓冲溶液为三乙醇胺 - 盐酸缓冲溶液,在起始反应体系中,所述转氨酶：所述氨基供体：所述辅因子：所述底物3-羰基-4-(2,4,5-三氟苯基)丁酸叔丁酯的投料质量比为0.05-0.15: 1-1.5:0.005-0.015: 1；所述的助溶剂为吐温60、DMSO或其组合；所述的转氨酶为购自苏州汉酶生物技术有限公司的牌号为EW1101的转氨酶。
1.一种谷氨酸棒杆菌,保藏于中国微生物菌种保藏管理委员会普通微生物中心,保藏编号为CGMCC No.13957。
1.一种(R)-5-羰基癸酸(酯)还原酶突变体,其特征在于,其是将如SEQ ID No.2所示氨基酸序列的第23位谷氨酸、第52位天冬酰胺、第61位赖氨酸、第104位谷氨酸、第107位亮氨酸、第127位赖氨酸、第145位天冬酰胺、第149位丙氨酸、第172位精氨酸、第210位甘氨酸或第226位谷氨酸中的一个或多个氨基酸残基替换为其它氨基酸残基所形成的新氨基酸序列的衍生蛋白质,且所述衍生蛋白质具有高于SEQ ID No.2所示氨基酸序列组成的蛋白质的催化性能和热稳定性。
1.(R)-ω-转氨酶突变体,其特征在于,该突变体为下列之一：(1)由SEQ ID NO.1所示氨基酸序列的第77位的精氨酸突变为天冬酰胺,第181位的亮氨酸突变为苏氨酸,第130位的精氨酸突变为组氨酸、赖氨酸、甘氨酸或异亮氨酸；(2)由SEQ ID NO.1所示氨基酸序列的第77位的精氨酸突变为天冬酰胺,第181位的亮氨酸突变为苏氨酸,第130位的精氨酸突变为异亮氨酸,第139位的酪氨酸突变为苯丙氨酸、丝氨酸或丙氨酸；(3)由SEQ ID NO.1所示氨基酸序列的第77位的精氨酸突变为天冬酰胺,第181位的亮氨酸突变为苏氨酸,第130位的精氨酸突变为异亮氨酸,第139位的酪氨酸突变为苯丙氨酸,第273位苏氨酸突变为丝氨酸、丙氨酸、色氨酸、酪氨酸或天冬氨酸。
1.一种(R)-1-(3-(3-N,N-二甲基胺基羰基)苯氧基-4-硝苯基)-1-乙基-N,N'-双(伸乙基)胺基磷酸酯化合物：
1.(R)-(+)-1-(1-苯乙基)-2-巯基咪唑-5-羧酸乙酯的新晶型A,其特征在于：以2θ角度表示的X-射线粉末衍射图谱在以下位置具有特征峰：5.0±0.2°、9.5±0.2°、10.6±0.2°、12.8±0.2°、13.0±0.2°、18.3±0.2°、22.8±0.2°、23.8±0.2°和26.6±0.2°。
1.一种(R)-(+)-维拉帕米或其药学上可接受的盐类用来制备药物的用途,其中该药物配制成单剂量形式含有15-1,000毫克的(R)-(+)-维拉帕米,且该药物用以治疗糖尿病。
1.一株(R,S)-DCPP降解菌DBS4,其特征在于分类命名为Sphingopyxis sp.,保藏于中国典型培养物保藏中心,菌种保藏号为CCTCC M 20191082,保藏日期为2019年12月23日,保藏地址为中国-武汉,武汉大学。
1.一种(R,S)- 尼古丁的合成方法,其特征在于,包括：以 3-溴吡啶和镁屑为原料制备 3-溴吡啶的格氏试剂；在向上述体系中加入 N-甲基吡咯烷酮,进行缩合反应,反应结束后,进行水解反应,冷却,调节 pH 为碱性,萃取,分出有机相,浓缩,蒸馏得到烯胺中间体 I；将烯胺中间体 I 在金属还原催化剂存在的条件下,进行还原反应,得到目标产物 (R,S)-尼古丁；所述烯胺中间体I的结构是:
1.一种(RS)-甲氧基头孢西丁的制备方法,其特征在于,按照如下步骤制备：(1)以噻吩为起始原料,正庚烷作为反应溶剂,与三氯乙醛反应,反应完后减压蒸馏得到(RS)-α-三氯甲基-2-噻吩甲醇；(2)将步骤(1)得到的(RS)-α-三氯甲基-2-噻吩甲醇在碱性物质存在下与甲醇反应制得(RS)-α-甲氧基-2-噻吩苯乙酸；(3)将(RS)-α-甲氧基-2-噻吩苯乙酸溶解在有机溶剂中,氮气保护,降温至-10℃以下,加入第一有机碱,搅拌澄清后降温至-50℃～-60℃,滴加甲基磺酰氯或特戊酰氯,于-35℃以下反应,反应完后得到溶液A备用；在另一个反应容器中加入羟甲基-7-氨基头孢烷酸和有机溶剂,氮气保护下,搅拌,降温至0℃以下,加入第二有机碱,搅拌至澄清,得到溶液B备用；在-30℃以下将溶液B缓慢滴加到溶液A中；控温-30℃以下反应,然后降温到-40℃以下,加入酸液,继续反应,然后滴加氯磺酰异氰酸酯,于-30℃左右继续反应；最后加入水,调节pH值2-3,反应完后静置分层,有机相干燥脱色,过滤,滤液加入丙酮和甲醇,滴加第一有机碱,析出晶体,过滤干燥得到类白色结晶性粉末；(4)将得到的类白色结晶性粉末溶解在有机溶剂和甲醇中,氮气保护下,降温至-60℃～-80℃,加入甲醇钠的甲醇溶液,加完后滴加次氯酸叔丁酯,搅拌反应,反应完后,加入焦亚硫酸钠,搅拌,用醋酸调节pH6-7,然后升温至0℃～5℃,调节pH1～2,静置分层,有机层洗涤后,加饱和碳酸氢钠调节pH7-8,分层,水层调节pH1-2,用乙酸乙酯提取,乙酸乙酯层干燥,过滤,减压浓缩得到油状物粗品；步骤(1)中,所述噻吩与三氯乙醛的摩尔比为1:1～1.2。
1.一种(S)-1-苯基-1,2,3,4-四氢异喹啉的合成方法,其特征在于,包括如下步骤：将1-苯基-3,4-二氢异喹啉、手性催化剂、酸和溶剂混合,反应；所述手性催化剂的结构式如式(I)所示：                  R选自氢原子、具有1-20个碳原子直链烷基、具有3-20个碳原子的支链烷基、具有3-10个碳原子的环烷基、具有3-10个环原子的杂环基、具有1-20个碳原子的烷氧基、三氟甲基、卤素、氨基、氰基、羟基、硝基、酯基、酰胺基、取代或未取代具有6-20个环原子的芳基、取代或未取代具有5-20个环原子的杂芳基。
